,SeniorCitizen,tenure,MonthlyCharges,TotalCharges,Churn,tenure_group,charges_per_tenure,total_to_monthly_ratio,avg_monthly_charges
count,7043.0,7043.0,7043.0,7043.0,7043.0,7043.0,7043.0,7043.0,7043.0
mean,0.1621468124378816,32.37114865824223,64.76169246059918,2281.9169281556156,0.2653698707936959,1.5501916796819537,5.770644867582604,32.44443195750992,61.17341313435593
std,0.3686116056100131,24.55948102309446,30.090047097678493,2265.270398482188,0.441561305121947,1.2290278298694632,8.72243541197296,24.58354134592153,61.01972336758575
min,0.0,0.0,18.25,18.8,0.0,-1.0,0.26438356164383564,1.0,9.183333333333334
25%,0.0,9.0,35.5,402.225,0.0,0.0,1.25,8.821984294927564,26.27441056910569
50%,0.0,29.0,70.35,1397.475,0.0,2.0,2.075925925925926,28.837772397094433,61.150000000000006
75%,0.0,55.0,89.85,3786.6,1.0,3.0,5.946428571428571,55.27267361794216,84.94004708904109
max,1.0,72.0,118.75,8684.8,1.0,3.0,80.85,79.34177215189874,1397.475
